month,spend_gbp,website_leads,cost_per_website_lead_gbp,source,selection
2025-12,777.55,59,13.18,Meta Ads Manager,1 Dec 2025 to 31 Dec 2025
2026-01,1371.77,89,15.41,Meta Ads Manager,1 Jan 2026 to 31 Jan 2026
2026-02,1394.06,79,17.65,Meta Ads Manager,1 Feb 2026 to 28 Feb 2026
2026-03,1032.80,68,15.19,Meta Ads Manager,1 Mar 2026 to 31 Mar 2026
2026-04,961.84,59,16.30,Meta Ads Manager,1 Apr 2026 to 30 Apr 2026
2026-05,1527.70,72,21.22,Meta Ads Manager,1 May 2026 to 31 May 2026
2026-06,1500.49,43,34.90,Meta Ads Manager,1 Jun 2026 to 30 Jun 2026
2026-07,1613.05,66,24.44,Meta Ads Manager,1 Jul 2026 to 31 Jul 2026
2026-08,1637.46,41,39.94,Meta Ads Manager,1 Aug 2026 to 31 Aug 2026
